{
    "q3": {
        "f01": 4.916006,
        "fah": -245.7,
        "t1": 45.6525,
        "t2": 3.99381,
        "f_00": 0.950460784313725,
        "f_11": 0.909000000000000,
        "readout": 0.859460784313725,
        "r_amp": 3200,
        "r_ln": 4500,
        "g_XY2_amp": 20789.9,
        "rb_avg": 99.93,
        "rb_std": 0.07,
        "rb_rref": 0.0012,
        "rb_rint": 0.0017
    },
    "q4": {
        "f01": 4.351962,
        "fah": -202.72,
        "t1": 35.6929,
        "t2": 2.92646,
        "f_00": 0.942784313725490,
        "f_11": 0.909774509803921,
        "readout": 0.852558823529411,
        "r_amp": 4200,
        "r_ln": 4000,
        "g_XY2_amp": 20138.4,
        "rb_avg": 99.97,
        "rb_std": 0.1,
        "rb_rref": 0.0019,
        "rb_rint": 0.0024
    },
    "q5": {
        "f01": 5.081023,
        "fah": -246.87,
        "t1": 29.7628,
        "t2": 8.14048,
        "f_00": 0.969156862745098,
        "f_11": 0.900696078431372,
        "readout": 0.869852941176470,
        "r_amp": 2400,
        "r_ln": 4000,
        "g_XY2_amp": 23423.1,
        "rb_avg": 99.9,
        "rb_std": 0.08,
        "rb_rref": 0.002,
        "rb_rint": 0.0029
    },
    "q6": {
        "f01": 4.194972,
        "fah": -201.52,
        "t1": 33.4589,
        "t2": 2.32709,
        "f_00": 0.921892156862745,
        "f_11": 0.887382352941176,
        "readout": 0.809274509803921,
        "r_amp": 2400,
        "r_ln": 5000,
        "g_XY2_amp": 19998.7,
        "rb_avg": 99.91,
        "rb_std": 0.17,
        "rb_rref": 0.0026,
        "rb_rint": 0.0037
    },
    "cz34": {
        "rb_avg": 97.3,
        "rb_std": 1.7,
        "rb_rref": 0.03,
        "rb_rint": 0.048
    },
    "cz54": {
        "rb_avg": 98.9,
        "rb_std": 2.0,
        "rb_rref": 0.056,
        "rb_rint": 0.066
    },
    "cz56": {
        "rb_avg": 99.2,
        "rb_std": 2.2,
        "rb_rref": 0.051,
        "rb_rint": 0.064
    }
}